,n_est,test,train
0,324,0.262234,0.340894
1,182,0.28427,0.313572
2,206,0.279902,0.31937
3,254,0.283826,0.327514
4,153,0.281016,0.308812
