,n_est,test,train
0,475,0.265434,0.364218
1,277,0.287208,0.33301
2,251,0.279768,0.331034
3,268,0.286902,0.331778
4,352,0.283514,0.34494
