,n_est,test,train
0,608,0.264034,0.377786
1,307,0.287932,0.335742
2,315,0.280726,0.340234
3,254,0.28604,0.32809
4,183,0.283332,0.315344
